shop_name,address,country,website,phone
"A & J SPORTS CARDS, LLC","1478 W 6TH AVENUE, EUGENE, OR 97402, USA, ajsportseugene.com",USA,,(541) 343-5561
A & N COLLECTIBLES,"105 W ARROW HWY STE 7, SAN DIMAS, CA 91773, USA",USA,,(909) 394-2375
"A WORLD OF COLLECTIONS GAMES, COMICS & CARDS","22611 76TH AVE W SUITE 101, EDMONDS, WA 98026, USA",USA,www.worldofcollections.com,(425) 778-2678
A&S SPORTS,"825 CARMAN AVE. WESTBURY, NEW YORK 11590, WESTBURY, NY 11590, USA",USA,https://www.facebook.com/profile.php?id=100063656059921,(516) 414-4323
AA CARDS & COLLECTIBLES,"2911 S WASHINGTON ST, KOKOMO, IN 46902, USA",USA,,(765) 459-7993
AA MINT CARDS,"3800 N UNIVERSITY DR, COOPER CITY, FL 33024, USA, aamintcards.com",USA,,(954) 510-9600
AAA COLLECTIBLES,"100-F WEST JOHN STREET, MATTHEWS, NC 28105, USA, AAACollectibles.com",USA,,(704) 847-5901
AAN COLLECT,"40 KELLOG ROAD, STE 72B, NEW HARTFORD, NY 13318, USA",USA,Www.aancollect.com,(315) 941-2145
ABSOLUTE SPORTS CARDS,"4823 W 123RD ST, SAVAGE, MN 55378, USA, ABSOLUTESPORTSCARDS.COM",USA,,(952) 855-4005
ACE SPORTS & TRADING CARDS,"573 E 8TH ST, HOLLAND, MI 49423, USA",USA,www.acesportscards.com,(616) 298-7780
ACTION VIDEO & SPORTS CARDS,"302 PARKVILLE STATION RD., MANTUA, NJ 08051, USA, actionbuyselltrade.com",USA,,(856) 464-1535
AJ COLLECTABLES,"4631 S. 108TH STREET, GREENFIELD, WI 53228, USA",USA,www.ajcollectable.com,(800) 781-2030
AJ'S SPORTS CARDS,"3348 DRUSILLA LANE, BATON ROUGE, LA 70809, USA",USA,HTTPS://AJS-SPORTS-CARDS-LLC.SQUARE.SITE,(225) 831-4508
AJTK SPORTSCARDS,"98-020 KAMEHAMEHA HIGHWAY, #114A, AIEA, HI 96701, USA",USA,,(808) 487-6620
"ALBATROSS, LLC","8166 MONTICELLO TERRACE, hi, KS 66227, USA, Alessandro Libreria, Vai del borgo di San pietro 140, Bologna , 40126",USA,www.kcalbatross.com | https://www.fumetto-online.it/it/,(816) 541-3814
ALEX'S MVP CARDS AND COMICS,"1590 YORK AVENUE, NEW YORK, NY 10128, USA, Alexsmvp.com",USA,,(212) 831-2273
ALL STAR CARDS,"8781 CUYAMACA ST STE S, SANTEE, CA 92071, USA",USA,,(619) 562-1975
ALL STAR CARDS & COLLECTIBLES,"4290 S. UNIVERSITY DR., DAVIE, FL 33328, USA",USA,,(954) 577-0247
ALL STAR SPORTS,"5316 CLYDE PARK AVE SW STE H, WYOMING, MI 49509, USA",USA,www.allstarsportsgr.com,(616) 247-1330
ALL STAR SPORTS CARDS,"7550 EAST BRAINER ROAD, CHATTANOOGA, TN 37421, USA, allstarcasebreaks.com",USA,,(423) 894-3087
ALL-PRO SPORTSCARDS LLC,"492 GRAHAM RD., CUYAHOGA FALLS, OH 44221, USA, allprosports.cards",USA,,(330) 922-4642
Aloha Card Shop,"9620 LAS VEGAS BLVD STE N9, LAS VEGAS, NV 89123, USA",USA,,(702) 627-3149
AMAYA BROS COMICS,"97 SIXTH STREET, CAMBRIDGE, MA 02141, USA",USA,www.amayabroscomics.com,(617) 714-4108
AMERICAN LEGENDS,"1107 CENTRAL PARK AVENUE, SCARSDALE, NY 10583, USA, American Sportstore, Nieuwendijk 111D, Amsterdam, 1012MD",USA,https://www.amerlegends.com/ | https://american-sportstore.com/,(914) 725-2225
AV SPORTS CARDS,"1873 POST RD, FAIRFIELD, CT 06824, USA",USA,www.avsportscards.com,(203) 292-6955
AZ SPORTS CARDS,"10045 WEST CAMELBACK ROAD #104, PHOENIX, AZ 85037, USA",USA,https://azsportscards2.mysimplestore.com/,(623) 742-9100
B&B CARDS AND COLLECTIBLES,"4239 HOLLAND ROAD SUITE 792, VIRGINIA BEACH, VIRGINIA 23452, USA",USA,https://virginiabeachcardshop.com,(757) 495-5523
B&B SPORTS CARDS,"22235 LORAIN ROAD, FAIRVIEW PARK, OH 44126, USA",USA,,(440) 777-5234
BACK IN THE GAME SPORTS CARDS,"807 N MILDRED ST STE 6, RANSON, WV 25438, USA, Facebook.com/ransoncards",USA,,(304) 930-1253
BADGER SPORTS SHOP,"336 2ND AVENUE SOUTH, ONALASKA, WI 54650, USA, badgerbreaks.com",USA,,(608) 615-1515
BANKER BILLS COLLECTABLES,"435 AMWELL RD, HILLSBOROUGH, NJ 08844, USA",USA,https://www.facebook.com/Bankerbillssportscards,(908) 874-0300
BANKSTON'S COMICS & SPORTSCARDS,"1321 S. VALLEY MILLS DR, WACO, TX 76711, USA, Barão Geek House",USA,www.bankstons.com,(254) 755-0070
BASEBALL & GAMES,"16727 BEAR VALLEY RD, STE 130, HESPERIA, CA 92345, USA, baseballandgames.com",USA,,(760) 949-1845
BASEBALL CARD CASTLE INC,"CRANBERRY TWP, PA 16066, USA, baseballcardcastle.net",USA,,(724) 772-0490
BASEBALL CARD CITY,"2248 W.GLEN AVE., PEORIA, IL 61614, USA",USA,,(309) 691-7109
BASEBALL CARD CLUBHOUSE,"2225 SOUTH DALE MABRY HWY, TAMPA, FL 33629, USA",USA,https://baseballcardclubhouse.business.site/,(813) 259-0111
BASEBALL CARD CONNECTION,"313 WEST JEFFERSON AVENUE, EFFINGHAM, IL 62401, USA, BaseballCardConnection.com",USA,,(217) 342-2539
"BASEBALL CARD EXCHANGE, INC.","709B US HIGHWAY 41, SCHERERVILLE, IN 46375, USA",USA,www.bbcexchange.com,219-319-0197
BASEBALL CARD OUTLET,"7502 EASTERN AVE, BALTIMORE, MD 21224, USA",USA,www.bbcoutlet.com,(410) 284-7922
BASEBALL CARDS PLUS,"6401 EDINGER AVE, HUNTINGTON BEACH, CA 92647, USA",USA,WWW.SURFCITYCARDS.COM,(714) 898-5648
BASEBALL CARDS SHOWCASE,"1918 WANTAGH AVE, WANTAGH, NY 11793, USA, Dangelosports.com",USA,,(516) 679-8331
BASEBALL PLUS,"346 MID RIVERS MALL DR, SAINT PETERS, MO 63376, USA, baseball-plus-1359.myshopify.com",USA,,(636) 970-7088
BASELINE SPORTS CARDS,"1698 W WISE ROAD, SCHAUMBURG, IL 60193, USA",USA,www.baseline.cards,(224) 520-8507
BASES LOADED SPORTS COLLECTIBLES,"2350 UNION ROAD, WEST SENECA, NY 14224, USA, basesny.com",USA,,(716) 308-3490
BEAST SPORTS CARDS,"8612 PRESTON RD, SUITE 114, PLANO, TX 75024, USA",USA,www.beastcards.com,(972) 987-5550
BEL AIR SPORTS CARDS,"1401 CONOWINGO RD UNIT C, BEL AIR, MD 21014, USA",USA,www.belairsportscards.com,(443) 567-5318
BEN'S CARD WORLD,"4771 BAYOU BLVD SUITE #6, PENSACOLA, FL 32503, USA",USA,www.benscardworld.com,(850) 912-8922
BERGEN COUNTY SPORTS CARDS (D/B/A),"65 WEST MAIN STREET, BERGENFIELD, NJ 07621, USA, bergencountysportscards.com",USA,,(201) 384-1585
BERGIE'S SPORTS CARD DUGOUT INC,"474 CENTRAL AVE SUIT 1, HIGHLAND PARK, IL 60035, USA",USA,https://www.facebook.com/bergiesports,(847) 433-2250
BEST CARD SHOP,"2030 STAFFORD ROAD, PLAINFIELD, IN 46168, USA",USA,WWW.BESTCARDSHOPINDY.COM,(317) 203-5578
BEST OF THE BEST IN SPORTSCARDS,"98-1268 KA’AHUMANU STREET #104, PEARL CITY, HAWAII 96782, USA",USA,,(808) 486-7874
BEST VARIETY SPORTS CARDS,"358 WEST FOOTHILL BLVD, GLENDORA, CA 91741, USA, Big Cards Hobby Store",USA,http://bestvarietycoinerrors.com,(626) 595-0608
BIG HIT SPORTS CARDS,"6450 US Hwy 90 Ste H, Spanish Fort, AL 36526, USA",USA,www.bighitsportscards.com,(251) 626-5050
BIG LEAGUE CARDS,"920 STATE ROAD 436, CASSELBERRY, FL 32707, USA",USA,www.BigLeagueCards.com,(407) 834-2273
BIG NATES TRADING CARDS,"3019 JUDSON ST SUITE E, GIG HARBOR, WA 98335, USA, facebook.com/bignatestradingcards",USA,,(530) 209-1249
"BILL'S SPORTS, LLC","2335 S. BROADWAY, DENVER, CO 80210, USA, billssportscollectibles.com",USA,,(303) 733-4878
BLEECKER TRADING,"96 CHRISTOPHER ST FRNT A, NEW YORK, NY 10014, USA, BLEECKERTRADING.COM",USA,,(646) 791-5036
BLUE BREAKS SPORTS & HOBBY CARD STORE,"1213 US HWY 41 BYP S, VENICE, FL 34285, USA",USA,www.bluebreaks.com,(941) 837-2429
BLUFF CITY MEMORABILIA,"5915 GETWELL RD, SOUTHAVEN, MS 38672, USA, bluffcitymemorabilia.com",USA,,(662) 655-5162
BOB BECK SPORTS COLLECTIBLES,"48 EAST NORTHFIELD ROAD, LIVINGSTON, NJ 07039, USA",USA,www.bobbecksports.com,(973) 992-8663
BOB'S SPORTS CARDS & MEMORABILIA,"4138 ROUTE 9 SOUTH, HOWELL, NJ 07731, USA, bobssportscards.com",USA,,(732) 942-0050
BOCA SPORTS CARDS,"9825 MARINA BLVD #400, BOCA RATON, FL 33428, USA, bocabreaks.com",USA,,(561) 617-1533
BOOMTOWN SPORTS CARDS & COLLECTIBLES,"10350 BANDERA RD, SAN ANTONIO, TX 78250, USA",USA,,(210) 264-0543
BOSCO'S,"2301 SPENARD ROAD, ANCHORAGE, AK 99503, USA, BOSCO'S 2, BOSCO'S/SUITE 3-119/800 DIMOND BLVD, ANCHORAGE, AK 99515, USA",USA,www.boscos.com,(907) 274-4112 | 907-349-3963
BOXSEAT COLLECTIBLES,"4855 E WARNER RD, SUITE A-18, PHOENIX, AZ 85048, USA, BOXSEATCOLLECTIBLES.COM",USA,,(480) 598-0967
"BP SPORTS CARDS AND MEMORABILIA, INC.","133 N. MAIN ST, UNIT 4, FLORIDA, NY 10921, USA",USA,www.bpsportscards.com,(845) 651-1660
BREW TOWN TRADING CO,"4285 S 76TH ST, GREENFIELD, WI 53220, USA, BREWTOWNTRADING.COM",USA,,(414) 604-1945
BRICKS AND IVY SPORTS,"207 E. MAIN ST., HOOPESTON, IL 60942, USA, bricksandivysports.com",USA,,(217) 283-2250
BRIDGEPORT HOBBY,"751 W 35TH ST, CHICAGO, IL 60608, USA, Bridgeporthobby.com",USA,,(312) 624-8369
BT COLLECTIBLES LLC,"1025 ROSE CREEK DRIVE SUITE 220, WOODSTOCK, GA 30189, USA, btcollectiblesstore.com",USA,,(404) 545-3099
BURBANK SPORTSCARDS LLC,"1610 W BURBANK BLVD, BURBANK, CA 91506, USA, burbankcards.com",USA,,(818) 843-2605
CAJUN BREAKER SPORTS CARDS & COLLECTIBLES,"1001 SAVOY ROAD, YOUNGSVILLE, LA 70592, USA",USA,,
CAJUN CARDBOARD & COLLECTIBLES,"40235 HWY 42, SUITE D, PRAIRIEVILLE, LA 70769, USA",USA,,
CALICARDS & MORE,"1835 ASHLAN AVE, STE. 104, CLOVIS, CA 93611, USA",USA,www.calicardsandmore.com,(559) 478-5819
CARD CAVE CENTRAL,"2464 MORRIS AVE, UNION, NJ 07083, USA",USA,Www.cardcavecentral.com,(908) 206-6994
CARD COLLECTING MAIA,"111 S 4TH STREET, HAMBURG, PA 19555, USA, Cardcollectingmania.com, Card Collective, Mikkel Bryggersgade 2, Copenhagen, 1460",USA,https://cardcollective.eu/,(610) 568-6665
CARD EXCHANGE,"14020 AURORA AVE N, SEATTLE, WA 98133, USA, cardexchangesports.com",USA,,(206) 440-5467
CARD KINGS SPORTS CARDS & MEMORABILIA,"6458 N. ORACLE RD, TUCSON, AZ 85704, USA, Cardkingbreaks.com",USA,,(520) 395-0077
CARD POP USA,"1114 W JEFFERSON ST, JOLIET, IL 60435, USA, CARDPOPUSA.COM",USA,,(779) 707-5872
CARD SHACK,"9 ATLANTIC AVE, LYNBROOK, NY 11563, USA",USA,www.thecardshack.com,(516) 561-5100
CARD STADIUM,"3715 WALNUT ST, HARRISBURG, PA 17109, USA",USA,https://www.facebook.com/profile.php?id=100063648274676,(717) 234-0655
CARD STOCKS,"4875 PRINCETON RD, LIBERTY TOWNSHIP, OH 45011, USA, CardStocks.com",USA,,(513) 581-3131
CARD STOCKS,"9723 KENWOOD RD, BLUE ASH, OH 45242, USA",USA,,(513) 379-1934
CARDBOARD LEGACY,"923 OREGON STREET, OSHKOSH, WI 54902, USA",USA,WWW.CARDBOARDLEGACY.COM,(920) 744-9297
"CARDBOARD LEGENDS, LLC","17218 SATICOY STREET, CA, CA 91406, USA, cardboardlegendsonline.com",USA,,(818) 342-8948
CARDBOARD VAULT,"121 CENTRAL AVE N, FARIBAULT, MN 55021, USA",USA,www.cardboardvault.cards,(507) 323-8214
CARDCOLLECTOR2 SPORTS CARDS,"3455 GROVE CITY ROAD, GROVE CITY, OH 43123, GROVE CITY, OHIO 43123, USA",USA,www.cardcollector2.com,(614) 991-0352
CARDIACS OF KANNAPOLIS LLC,"133 West Ave, KANNAPOLIS, NC 28081, USA",USA,www.TheCARDIACS.com,(704) 935-3489
CARDIACS SPORTS & MEMORABILIA,"1101 MARCO DRIVE STE 100, APEX, NC 27502, USA, TheCARDIACS.com",USA,,(919) 463-5685
CARDS AND COFFEE,"6363 HOLLYWWOD BOULEVARD, LOS ANGELES, CA 90028, USA",USA,www.TheCoffeeBreakers.com,(213) 713-5973
CARDS AND CULTURE,"10155 PERKINS ROWE STE. 160, BATON ROUGE, LA 70810, USA, cardsandculture.com",USA,,(225) 256-6140
CARDS AT THE CAGES,"3917 W GATE CITY BLVD, GREENSBORO, NC 27407, USA, shop.cardsatthecages.com",USA,,(336) 851-0506
CARDS HQ,"3101 COBB PKWY SE SUITE 100, ATLANTA, GA 30339, USA, CARDSHQ.COM, Cards Hub",USA,,(678)741-7618
CARDS IN A BOX,"3625 THE STAR BLVD, FRISCO, TX 75034, USA, CARDSINABOXLLC.COM",USA,,(972) 597-4497
CARDS N HOBBY,"11633 SW BEAVERTON HILLSDALE HWY, BEAVERTON, OR 97005, USA",USA,WWW.CARDSNHOBBYPDX.COM,(503) 747-6914
CARDSINFINITY,"279 MACDOUGALL DRIVE, WEST END, NC 27376, USA",USA,https://cardsinfinity.com/,(910) 466-9091
CARDSMITHS SPORT CARDS,"5701 LONETREE BLVD, SUITE 201, ROCKLIN, CA 95765, USA, Cardtutor comercio de brinquedos Ltda",USA,https://cardsmithsbreaks.com/cardsmithssportscards/,(916) 259-4488
CB HOBBY,"200 E 2ND STREET SUITE C, KAUKAUNA, WI 54130, USA, cbhobby.com",USA,,(920) 462-4178
CENTURY JEWELERS & LOAN,"1700 MADISON AVENUE # 530, LAKEWOOD, NJ 08701, USA, Centuryfastcash.net",USA,,(732) 901-2282
CHALFONT SPORTS CONNECTION,"414 TOWN CENTER, NEW BRITAIN, PA 18901, USA",USA,www.sportsconnectionpa.com,(267) 247-5936
CHAMPION CARD COLLECTOR,"43 VASSAR RD STE A1, POUGHKEEPSIE, NY 12603, USA",USA,www.championcardcollector.com,(845) 462-9292
CHAMPION CITY VIDEO GAMES,"1055 N BECHTLE AVE, SPRINGFIELD, OH 45504, USA",USA,https://www.championcitygames.com/,(937) 505-1121
CHAMPION SPORTSCARDS & COLLECTIBLES,"700 SANDY PLAINS RD. SUITE B6, MARIETTA, GA 30066, USA, championsportscards.com",USA,,(770) 427-2220
CHARLOTTE SPORTS COLLECTIBLES,"5341 BALLANTYNE COMMONS PKWY. STE. 550, CHARLOTTE, NC 28277, USA, CharlotteSportsCollectibles.com",USA,,(980) 339-8045
CHICAGOLAND SPORTS CARDS & MEMORABILIA,"793 SOUTH BUFFALO GROVE ROAD, BUFFALO GROVE, IL 60089, USA",USA,www.chicagolandsportscards.com,(847) 229-2626
CHUCK'S SPORTS OF LOUISIANA,"28550 LA HIGHWAY 43, ALBANY, LA 70711, USA",USA,,(225) 567-9200
CLEVE'S SPORTS CARDS,"1528 W. SUNSET AVE. SUITE J, SPRINGDALE, AR 72764, USA",USA,www.facebook.com/clevessportscards,(479) 927-0067
CLUTCH CARDS LLC,"848 FARMINGTON AVE SUITE 2F, BERLIN, CT 06037, USA",USA,https://www.clutch.cards,(860) 550-3673
COACH CHRIS CARDS,"715 N MOUNTAIN AVE #202, UPLAND, CA 91786, USA, coachchriscards.com",USA,,(909) 360-8086
COAST CARDS,"604 MAIN ST, HALF MOON BAY, CA 94019, USA",USA,,(650) 560-8003
COGNIZANT CARDS & COLLECTIBLES,"1901 N FEDERAL HWY UNIT 210, POMPANO BEACH, FL 33062, USA, cognizantcardbreaks.com",USA,,(954) 532-5290
COLLECTOR STORE LLC,"1106 JUNGS STATION RD, ST. CHARLES, MO 63303, USA, collectorstore.com",USA,,(636) 477-7800
COLLECTOR'S BOX INC,"250 UNIVERSITY PLZ, NEWARK, DE 19702, USA",USA,,(302) 738-8900
COLLECTOR'S CACHE,"13354 COLLEGE BLVD, LENEXA, KS 66210, USA",USA,www.collectorscache.com,(913) 338-2273
COLLECTOR'S CONNECTION DULUTH,"2220 MOUNTAIN SHADOW DRIVE, VILLAGE SQUARE MALL, DULUTH, MN 55811, USA",USA,www.CollectorsConnectionDuluth.com,(218) 726-1360
COLLECTOR'S CORNER,"2070 SAM RITTENBERG BLVD STE 292, CHARLESTON, SC 29407, USA",USA,,(843) 224-3823
COLLECTOR'S CORNER NW,"219 BELLEVUE WAY NE, BELLEVUE, WA 98004, USA",USA,https://www.facebook.com/profile.php?id=100063444116945,(425) 455-0701
COLLECTOR'S WORLD,"3329 ROSE LANE, FALLS CHURCH, VA 22042, USA, collectorsworldva.com",USA,,(703) 256-8408
COLUMBIA HOBBY AND SPORTS CARDS,"15644 NE FOURTH PLAIN BLVD, VANCOUVER, WA 98682, USA",USA,www.columbiasportscard.com,(360) 635-4400
COOPERSTOWN CONNECTION,"9090 DESTINY USA DR, SYRACUSE, NY 13204, USA, Cooperstown-Connection.com",USA,,(315) 472-1717
COULEE CARDS & GAMING - EAU CLAIRE,"4800 GOLF ROAD STE 68, EAU CLAIRE, WI 54701, USA",USA,,(715) 895-8093
COULEE CARDS & GAMING - ROCHESTER,"162 17TH AVE NW, ROCHESTER, MN 55901, USA",USA,,(502) 258-4770
COULEE CARDS AND GAMING,"9360 STATE RD 16, SUITE H, ONALASKA, WI 54650, USA, Couleecardsandgaming.com",USA,,(608) 451-1155
COURTSIDE COLLECTIBLES,"4243 E 136TH AVE UNIT 318, THORNTON, CO 80602, USA",USA,https://courtsidecollectibles.com/,(720) 350-4519
CRAVE COLLECTIBLES,"745 EAST FORT UNION BLVD, MIDVALE, UT 84047, USA, CRAVECOLLECT.COM",USA,,(385) 425-5600
CULLMAN SPORTSCARDS & FUN SHOP,"306 US HWY 278 E, CULLMAN, AL 35404, USA",USA,https://www.facebook.com/Cullman-Sportscards-Fun-Shop-105905904908857,(256) 841-5234
CURRY’S COLLECTIBLES,"5539 WEST MARKET ST., GREENSBORO, NC., NC 27409, USA",USA,,(336) 500-8478
CURVEBALL COLLECTIBLES,"166 N CENTER RD, SAGINAW, MI 48638, USA",USA,,(989) 401-6349
D&P CARDS,"5968 S LAND PARK DRIVE, SACRAMENTO, CA 95822, USA",USA,www.dandpsportscards.com,(916) 391-8750
DAD’S DUGOUT SPORTS CARDS & COLLECTIBLES,"7020 CHURCH ST E 9 BRENTWOOD CT, BRENTWOOD, TN 37027, USA",USA,,
"DAKOTA GAMING SUPPLY, INC.","1308 EAST AVENUE F, BISMARCK, ND 58501, USA",USA,,(701) 224-0514
DALEZ KARDZ,"4341 N ACADEMY BLVD, COLORADO SPRINGS, CO 80918, USA, Dalezkardz.com",USA,,(719) 528-5959
DAN'S SPORTS CARDS & GAMES,"2740 PARK STREET, JACKSONVILLE, FL 32205, USA, danscardz.com, Dave & Adam's Europe",USA,,(904) 777-4548
DC SPORTS CARDS & COLLECTIBLES,"125 MAXWELL STREET, PARSONS, TN 38363, USA, dcsportscords.com, Deichcards, Knochenhauerstr. 39-40, Bremen, 28195, Dennis The Ripper Flagship Store, Göttinger Chaussee 83a, Hannover, 30459, Der Kiosk",USA,https://deichcards.de | https://www.dennistheripper.de/,(731) 257-1225
DGN SPORTS CARDS,"224 E MARKET ST, ORWIGSBURG, PA 17961, USA",USA,www.dgnsportscards.com,(570) 968-2132
DIAMOND CLUB CARDS AND COLLECTIBLES,"256 MAIN ST, PHELPS, NY 14532, USA",USA,WWW.DIAMONDCLUBCARDS.COM,(315) 548-2354
DIGITAL HEROES LLC,"120 E ALDER ST, WALLA WALLA, WA 99362, USA",USA,https://www.digitalheroes.com,(509) 525-0380
DJ'S SPORTS COLLECTIBLES & COMICS,"1LINCOLN STREET, NORTH HAVEN, CT 06473, USA, djscardandcomics.com",USA,,(203) 234-2989
DJ'S SPORTSCARDS,"1630 DUVALL AVE NE #D, RENTON, WA 98059, USA, djssportscards.com",USA,,(425) 235-4357
DNA CARDS & COLLECTIBLES,"10654 N 32ND ST, PHOENIX, AZ 85028, USA, DNACARDSANDCOLLECTIBLES.COM",USA,,(602) 767-1633
DOC D'S TRADING CARDS LLC,"1069 BELLMORE AVE, BELLMORE, NY 11710, USA",USA,https://www.facebook.com/people/Doc-Ds-Trading-Cards/100057268337636/,(516) 308-7350
DON'S SPORTSCARDS,"9900 OLD SEWARD HWY., #8, ANCHORAGE, AK 99515, USA",USA,,(907) 349-8804
DOWNTOWN SPORTS CARDS,"819 Oak St, GAINESVILLE, GA 30501, USA",USA,WWW.SPORTSCARDSGA.COM,(770) 921-2899
DUCKS DUGOUT,"2727 CANTON ROAD, STE 550, MARIETTA, GA 30066, USA",USA,www.ducksdugout.com,(678) 695-7761
DUCKS DUGOUT,"875 OAK ROAD, STE 106, LAWRENCEVILLE, GA 30044, USA, DUCKSDUGOUT.COM",USA,,(770) 985-1557
DUGOUT DREAMS,"45 PADANARAM ROAD, SUITE 5, DANBURY, CT 06811, USA, dugoutdreams.business.site",USA,,(203) 778-2304
DUKE CITY GAMES,"11130 LOMAS BLVD. NE, ALBUQUERQUE, NM 87112, USA, dukecity.games",USA,,(505) 340-9668
E AND J BOUTIQUE,"6906 FORT HAMILTON PKWY, BROOKLYN, NY 11228, USA",USA,,(718) 775-8471
E AND K SPORTS CARDS,"244 JEFFERSON AVE, MOUNDSVILLE, WV 26041, USA",USA,www.eandksportscards.com,(304) 810-4422
EAST COAST CONNECTION LLC,"304 RIDGE ROAD, LYNDHURST, NJ 07071, USA, EASTCOASTCONNECTIO.NET",USA,,(201) 438-4327
EAST WEST SPORTS CARDS,"2349 VANDERBILT BEACH RD SUITE 522, NAPLES, FL 34109, USA",USA,www.eastwestcards.com,(239) 326-1350
ELITE COLLECTIBLES,"1258 MAIN STREET, IMPERIAL, MO 63052, USA",USA,WWW.ELITE-COLLECTIBLES.COM,(314) 472-3220
ELITE SPORTS CARDS AND COMIC,"2028 W. MONTROSE AVE, CHICAGO, IL 60618, USA",USA,,(773) 784-1396
"ENDLESS COMICS, GAMES & CARDS","440-A ST FRANCOIS ST, FLORISSANT, MO 63031, USA",USA,https://rarecoinllc.wixsite.com/rarecoins,(314) 837-7333
"ENDLESS COMICS, GAMES & CARDS #2","10 TRIAD SOUTH DRIVE, SAINT PETERS, MO 63304, USA, Epic Game - Loja de Brinquedo Ltda",USA,WWW.ENDLESSCGC.COM,(636) 244-2490
FANFARE,"4308 S WESTNEDGE AVE, KALAMAZOO, MI 49008, USA",USA,https://fanfareland.com/,(269) 349-8866
FAST BREAK TRADINGS CARDS & MEMORABILIA,"2035 OLD HICKORY TREE RD, SAINT CLOUD, FL 34771, USA, FASTBREAKTC.MYSHOPIFY.COM",USA,,(407) 791-9754
FATHER-SON SPORTS CARDS & COLLECTIBLES,"4004 POWELL ROAD, POWELL, OH 43065, USA",USA,https://fathersonsportscardsandcollectibles.business.site,(614) 689-2326
FOAMCITY SPORTSCARDS,"116 FLOWING SPRINGS ROAD, CHARLES TOWN, WV 25414, USA",USA,,(304) 728-0040
GALAXY OF STARS,"4341 WETZEL RD, LIVERPOOL, NY 13090, USA",USA,,(315) 446-7701
GAME OF CARDS,"3228 W SR 426, OVIEDO, DE 32765, USA, GameofCards.com",USA,,(407) 625-1996
GAME OF CARDS,"3228 W SR 426 SUITE 1024, OVIEDO, FL 32765, USA, gameofcards.com",USA,,(407) 625-1996
GAME ON,"1600 MILLER TRUNK HWY, DULUTH, MN 55811, USA",USA,,(218) 464-1199
GAME TIME CARDZ,"7414 UNIVERSITY BLVD STE 112, WINTER PARK, FL 32792, USA",USA,www.gametimecardz.com,(407) 444-6032
GAME TIME CARDZ,"7414 UNIVERSITY BLVD STE 112, WINTER PARK, DE 32817, USA, gametimecardz.com",USA,,(321) 444-6032
GAME TIME SPORTS COLLECTIBLES,"2146 NORTH COURT ST SUITE C, CIRCLVILLE, OH 43113, USA",USA,https://gametimesportscollect.com/,(740) 601-6090
GAME TIME SPORTS COLLECTIBLES,"2146 NORTH COURT STREET, CIRCLEVILLE, OH 43113, USA, GAMETIMESPORTSCOLLECT.COM",USA,,(740) 601-6090
GAMEDAY SPORTS CARDS,"14710 CANTRELL RD, LITTLE ROCK, AR 72223, USA",USA,,(501) 673-3188
GAMEDAY SPORTS CARDS,"1600 RAIDERS WAY, 140, HENDERSON, NV 89052, USA",USA,www.vegascardshop.com,(702) 485-1765
GAMES AND CARDS SUPERSTORE,"1716 COLORADO BLVD, EAGLE ROCK, CA 90041, USA",USA,www.gacsuperstore.com,(323) 341-5600
GARDEN OF EARTHLY DELIGHTS,"7907 BUSTLETON AVE, PHILADELPHIA, PA 19152, USA",USA,,(215) 332-3321
GAS BREAKS SPORTS CARDS,"2103 HARRISON AVE NW #5A, OLYMPIA, WA 98502, USA, Geek Factory",USA,WWW.GASBREAKS.COM,(360) 228-2050
GEM CITY COLLECTS SPORTS CARDS & MEMORABILA,"101 E. MAIN ST, FAIRBORN, OH 45324, USA, Gemcitycollects.com",USA,,(937) 318-8124
GI CARDS AND COLLECTIBLES,"433 EXCHANGE ST, GENEVA, NEW YORK, 14456 USA, FACEBOOK.COM/GICARDSANDCOLLECTIBLES",USA,,(315) 679-8949
GIANT SPORTS CARDS,"5530 WINWARD PKWY STE 110E, ALPHARETTA, GA 30004, USA, GIANTSPORTSCARDS.COM",USA,,
GOLD LINE COLLECTIBLES,"2940 NJ-23 S, NEWFOUNDLAND,, NJ 07435, USA, Gold Line Collectibles",USA,,(973) 600-5681
GOT BASEBALL CARDS,"2970 ROSEBUD ROAD SW, LOGANVILLE, GA 30052, USA",USA,www.gotbaseballcards.com,(770) 736-9998
GRAND SLAM CARDS ROCK HILL,"952 MT GALLANT RD, ROCK HILL, SC 29730, USA",USA,,(803) 327-4414
GRAND SLAM COLLECTIBLES,"1254 NW BROAD ST., MURFREESBORO, TN 37129, USA",USA,Www.onlyatgrandslam.Com,(615) 809-2362
GRAND SLAM COLLECTIBLES,"10 FARBER DRIVE SUITE 7, BELLPORT, NY 11713, USA",USA,https://grandslamcollectibles.com/,(631) 803-0454
GRAND SLAM SPORTS,"3955 17 MILE RD, STERLING HEIGHTS, MI 48310, USA",USA,https://www.facebook.com/GSSsportscards,(586) 795-4480
GRAND SLAM SPORTS,"17800 CHILLICOTHE ROAD SUITE 110, CHAGRIN FALLS, OH 44023, USA",USA,www.grandslamsportcle.com,(440) 543-2758
GRAND SLAM VI,"140 LITCHFIELD STREET, THOMASTON, CT 06787, USA",USA,,(203) 819-2339
GREEN BAY CITY CARDS,"508 S MILITARY AVE, GREEN BAY, WI 54303, USA",USA,https://www.facebook.com/greenbaycitycards/,(920) 489-2276
GREEN MOUNTAIN SPORTS CARDS & GAMING,"159 PEARL ST, STE 6, ESSEX JUNCTION, VT 05452, USA",USA,https://greenmountainsportscardsandgaming.com/,(802) 857-5807
GREENTREE SPORTS CARDS,"1002 GREENTREE RD, PITTSBURGH, PA 15220, USA",USA,,(412) 937-0540
HALL OF FAME BASEBALL CARDS,"509 S MYRTLE AVE, MONROVIA, CA 91016, USA, hofbc.com",USA,,(626) 358-2448
HALL OF FAME CARDS INC.,"11325 SEVEN LOCKS RD, POTOMAC, MD 20854, USA",USA,https://www.facebook.com/HallOfFameCards,(301) 299-9201
"HEROES, INC","8919 W CERMACK ROAD, NORTH RIVERSIDE, IL 60546, USA",USA,https://www.facebook.com/HeroesSportsCardsInc,(708) 442-1926
HI5 CARDS AND COLLECTIBLES,"223 S PETE ELLIS DR #19, BLOOMINGTON, IN 47408, USA, HI5CARDSANDCOLLECTIBLES.COM",USA,,(812) 287-8120
HIDDEN GEM SPORTS COLLECTIBLES,"229 MAIN ST STE 5B, HACKETTSTOWN, NJ 07836, USA",USA,WWW.HIDDENGEMSPORTSNJ.COM,(908) 798-1840
HIDDEN GEMS CARD SHOP,"46882 DEQUINDRE RD, SHELBY TOWNSHIP, MI 48317, USA",USA,https://hiddengemscardshop.com/,(586) 563-3339
HIT KINGS SPORTS CARDS,"8263 BEECHMONT AVE, CINCINNATI, OH 45255, USA, hitkings.com",USA,,(513) 448-2139
HIT SEEKERS SPORTS CARDS,"2501 DIXIE HWY, FT MITCHELL, KY 41017, USA, Hobby Korea",USA,www.hitseekerscardbreaks.com,(859) 462-0627
HONEY HOLE COLLECTIBLES,"32123 TEMECULA PKWY UNIT C, TEMECULA, CA 92592, USA",USA,www.honeyholecollect.com,(951) 401-2019
HOODY'S COLLECTIBLES,"61334 S HWY 97, BEND, OR 97702, USA, hoodys.us",USA,,(541) 388-6881
HOODY'S COLLECTIBLES,"8602 SW HALL BLVD, BEAVERTON, OR 97008, USA, HOODYS.US",USA,,(503) 747-4076
HOOKERS SPORTSCARDS,"293 WEST 7TH, EUGENE, OR 97401, USA",USA,,(541) 485-3414
HOOTERVILLE SPORTS CARDS,"5102 PLEASANT AVE, FAIRFIELD, OH 45014, USA, HOOTERVILLESPORTSCARDS.COM",USA,,(513) 737-9772
HOT CORNER SPORTS CARDS,"6750 E MAIN ST #112, MESA, AZ 85205, USA, hotcornersportscards.com, HotBox",USA,,(480) 396-0442
HOUSTON SPORTS CONNECTION,"12280 WESTHEIMER #12B, HOUSTON, TX 77077, USA",USA,www.houstonsportsconnection.net,(281) 589-9600
IGNITION SPORTS CARDS,"412 COLLEGE ROAD SITE 57, WILMINGTON, NC 28403, USA, Il Covo del Nerd, Viale Michelangelo 133 - 71121 Foggia, Il Covo del Nerd",USA,https://www.ignitionsportscards.com/ | https://www.ilcovodelnerd.com/,(910) 399-7853
IMPACT SPORTS CARDS,"416 S 8TH ST, COLORADO SPRINGS, CO 80905, USA",USA,WWW.IMPACTSPORTSCARDS.COM,(719) 344-9973
INDIANA SPORTSCARD GUYS,"406 W 4TH ST, MILFORD, IN 46542, USA, INDIANASPORTSCARDGUYS.COM",USA,,(574) 535-3232
INDY CARD EXCHANGE,"7035 E. 96TH STREET, SUITE P, INDIANAPOLIS, IN 46250, USA, indycardexchange.com",USA,,(317) 254-8681
INSTANT REPLAY SPORTS CARDS,"633 N HIGHWAY 231, PANAMA CITY, FL 32405, USA",USA,www.instantreplaysportscards.com,(850) 257-5484
J&R Cards,"42 Cushing Street, Brunswick, ME 04011, USA",USA,http://www.facebook.com/JandRCards,(207) 607-3643
JAWBREAKERS CARD SHOP,"7770 AUBURN ROAD, UTICA, MI 48317, USA",USA,,(586) 799-7222
JAY'S CD & HOBBY,"3315 SE 14TH ST, DES MOINES, IA 50320, USA",USA,www.JaysToysAndGames.com,(515) 287-4578
JERRY'S ROOKIE SHOP,"3021 W. STATE STREET, BOISE, ID 83703, USA",USA,https://www.facebook.com/jerrysrookieshop,(208) 338-3828
JIM & STEVE'S SPORTSCARDS,"2909 GRAND AVE, WAUKEGAN, IL 60085, USA",USA,WWW.JIMANDSTEVESCARDS.COM,(847) 244-1981
JIM'S SPORTS,"155 DORSET STREET, SOUTH BURLINGTON, VT 05403, USA",USA,https://www.facebook.com/profile.php?id=100054341209443,(802) 363-9219
JOHNNY FORD SPORTS,"3150 PLAINFIELD AVE NE SUITE E, GRAND RAPIDS, MI 49525, USA",USA,www.Johnnyfordsports.com,(616) 350-9560
JP SPORTS COLLECTIBLE INC.,"2323 Del Prado Blvd S, Suite #10, CAPE CORAL, FL 33990, USA",USA,,
JUMBO'S SPORTS COLLECTIBLES,"707 N CABLE RD, LIMA, OH 45805, USA, JUMBOSCARDS.COM",USA,,(567) 289-5272
JUMBO'S SPORTS COLLECTIBLES,"104 S MAIN ST, FINDLAY, OH 45840, USA, JUMBOSCARDS.COM",USA,,(567) 294-4018
JUNIATA CARDS,"1019 NORTH 4TH AVENUE, ALTOONA, PA 16601, USA, Junksplayground GmbH, Zum Schürmannsgraben 15, Moers, 47441",USA,https://junksplayground.de/,(814) 944-0810
K&L CARDS,"3100 MERIDIAN PARKE SUITE Z, GREEENWOOD, IN 46142, USA, kandlcards.com",USA,,(317) 883-2240
KC'S FINEST SPORTS CARDS AND MEMORABILIA LLC,"943 W LIBERTY DR, LIBERTY, MO 64068, USA, kcsfinestsportscards.com",USA,,(816) 429-7060
KC'S FINEST SPORTS CARDS AND MEMORABILIA LLC 002,"792 SW US-40 SUITE B, BLUE SPRINGS, MO 64015, USA, kcsfinestsportscards.com",USA,,(816) 224-3281
KCK COLLECTIBLES,"506 MAIN ST., MURPHYS, CA 95247, USA, kck collectibles.wordpress.com",USA,,(925) 336-6984
KEL'S SPORTS CARDS,"439 RAILROAD STREET, BRIDGEVILLE, PA 15071, USA",USA,www.kelscards.com,(412) 276-5080
KEN’S CARDS & COLLECTIBLES,"27 MILL ST, BERLIN, CT 06037, BERLIN, CONNECTICUT 06037, USA, Facebook.com/KensCards",USA,,(860) 832-8302
KENTUCKY CARD VAULT,"108 E 1ST ST, SMITHS GROVE, KY 42171, USA",USA,WWW.KENTUCKYCARDVAULT.COM,(270) 320-1634
KENTUCKY ROADSHOW SHOP,"369 ROMANY ROAD, LEXINGTON, KY 40502, USA, roadshowcards.com",USA,,(859) 523-1816
KERMS CARD SHOP,"24 S CARLISE ST, GREENCASTLE, PA 17225, USA",USA,,(717) 597-1161
KINEMS SPORTS CARDS,"3624 MAPLE STREET, ERIE, PA 16508, USA",USA,,(814) 864-2309
KK SPORTSCARDS,"10273 ULMERTON RD, LARGO, FL 33771, USA",USA,WWW.KKSPORTSCARDS.COM/,(727) 238-8283
KNT SPORTS CARDS & MEMORABILIA LLC,"287 S YONGE STREET, ORMOND BEACH, FL 32174, USA",USA,https://m.facebook.com/kntsports/,(386) 677-1318
KOLLECTIBLE KINGS,"82 FEATHERBED LANE, WINCHESTER, VA 22601, USA, kollectiblekings.com",USA,,(619) 630-9926
KRYPTONITE KOLLECTIBLES INC.,"1441 PLAINFIELD AVE. JANESVILLE WI 53545, JANESVILLE, WI 53545, USA",USA,www.kryptonitekollectibles.com,(608) 758-2100
LA SPORTS CARDS,"1922 WEST OLIVE AVE BURBANK CA 91504, BURBANK, CA 91506, USA, LASPORTSCARDS.NET",USA,,(818) 859-7800
LA SPORTS CARDS,"1700 W GLENOAKS BLVD STE G, GLENDALE CA 91201, GLENDALE, CA 91202, USA, LASPORTSCARDS.NET",USA,,(818) 484-7555
LAB 20 SPORTS CARDS,"16611 RUSSELL ST., ST. PAUL, VA 24283, USA",USA,www.lab20cards.com,(276) 608-1607
LAKE COUNTRY CARDS,"1380 PABST FARMS CIRCLE, STE 400, OCONOMOWOC, WI 53066, USA",USA,WWW.LAKECOUNTRYCARDS.COM,(262) 354-8029
LEBANON CANDY AND SPORTS CARDS,"40 E MULBERRY ST, LEBANON, OH 45036, USA",USA,www.cincitycollectibles.com,(513) 646-0473
LEFTY'S SPORTS MEMORABILIA LLC,"1859 EL CAMINO REAL, BURLINGAME, AR 94010, USA, leftyssportscards.com",USA,,(650) 697-2274
LEGACY SPORTS CARDS,"4235 S FORT APACHE SUITE 230, LAS VEGAS, NV 89147, USA",USA,https://m.facebook.com/LegacySportsCardsLV/,(702) 341-6526
LEGENDS SPORTS & GAMES,"3661 28TH ST SE, GRAND RAPIDS, MI 49512, USA",USA,www.legendsfanshop.com,(1616) 940-1676
LES'S SPORTS CARDS,"8317 MAIN STREET, BIRCH RUN, MI 48415, USA",USA,,(989) 624-6113
LEWTON'S SPORTS CARDS & COLLECTIBLES,"18 S. MAIN STREET, CLAWSON, MI 48017, USA",USA,,(248) 291-6265
LEWTON'S SPORTS CARDS AND COLLECTIBLES,"18 S. MAIN STREET, CLAWSON, MI 48017, USA",USA,https://www.facebook.com/Lewtonscards,(248) 291-6265
LOGANS SPORTS COLLECTIBLES,"124 PALMER PARK MALL, EASTON, PA 18040, USA",USA,,(610) 438-4544
LONG ISLAND SPORTS CARDS INC.,"1013 WILLIS AVE, ALBERTSON, NY 11507, USA, longislandsportscards.com",USA,,(516) 636-1013
LOUISVILLE SPORTS CARDS,"11519 SHELBYVILLE RD SUITE C, LOUISVILLE, KY 40243, USA, louisvillesportscards.com, Love Card, Love Card Sanlitun, SOHO Mall #1 103 (1st Floor) Chaoyang District, Beijing 100020",USA,,(502) 919-7088
LUCKIEST MAN SPORTS CARDS,"179 COLLEGE DR. STE. 14, ORANGE PARK, FL 32065, USA, Luckiestmansc.com",USA,,(904) 822-7822
LUCKY 7 CARDS AND COLLECTIBLES,"13945 N HWY 183 UNIT D-126, AUSTIN, TX 78717, USA",USA,www.lucky7cardshop.com,(512) 775-9294
LUCKY BOX SPORTS CARDS,"19905 W CATAWBA AVE, SUITE 106, CORNELIUS, NC 28031, USA",USA,,(712) 870-9039
LUCKY BREAKS SPORTS CARDS,"212 NORTHEAST 164TH AVENUE SUITE 22, VANCOUVER, WA 98684, USA, Luckybreaks.live",USA,,(360) 718-2578
M & M SPORTSCARDS & COLLECTIBLES,"3003 25TH ST, COLUMBUS, IN 47203, USA, MANDMSPORTSCARDSANDCOLLECTIBLES.COM",USA,,(812) 343-3352
M & S SPORTSCARDS,"623 NW MOCK AVE, BLUE SPRINGS, MO 64014, USA",USA,,(816) 295-5368
MACE MERCHANDISE CARD & COIN,"108 NORTH MAIN AVE, SCRANTON, PA 18504, USA",USA,www.facebook.com/macecoincard,(570) 346-6891
MAGIC CITY COLLECTIBLES,"2809 CENTRAL AVE, HOMEWOOD, AL 35209, USA",USA,WWW.MAGICCITYCOLLECTIBLES.COM,
MAJOR SPORTS CARDS & MEMORABILIA,"466 JERICHO TURNPIKE, MINEOLA, NY 11501, USA",USA,www.majormemorabilia.com,(516) 240-2415
MAMBA COLLECTIBLES LLC,"271 MONROE ST, MARTINSBURG, WV 25404, USA, mambacollectibles.com",USA,,(304) 885-1055
MARKMAN SPORTS CARDS,"3304 W ESPLANADE AVE N, METAIRIE, LA 70002, USA",USA,www.markmanbreakers.com,(504) 456-1010
MATT'S DUGOUT,"9180 FOREST HILL BLVD, WELLINGTON, FL 33411, USA",USA,WWW.MATTSDUGOUT.COM,(561) 235-0860
MATT'S SPORTSCARDS AND COMICS,"348 HAZARD AVE, ENFIELD, CT 06082, USA",USA,https://www.facebook.com/MattsCardsandComics/,(860) 741-2522
MATT'S SPORTSCARDS AND COMICS,"348 HAZARD AVE, ENFIELD, CT 06082, USA, cardandcomicshop.com",USA,,(860) 803-1965
MAUI SPORTS CARDS,"340 HANA HWY SUITE C, KAHULUI, HI 96732, USA, MauiSportsCards.com",USA,,(808) 227-6505
MAXIMUM SPORTS,"3401 DALE ROAD #151, MODESTO, CA 95256, USA",USA,www.Maximumsports.net,(209) 663-7929
MEDINA SPORTS CARDS,"110 WEST WASHINGTON STREET, MEDINA, OH 44256, USA",USA,www.medinasportscards.com,(330) 725-2273
MEELYPOPS SC,"9768 WARREN H ABERNATHY HWY STE 4, SPARTANBURG, SC 29301, USA",USA,WWW.SCMEELYPOPS.COM,(864) 577-5790
MICHIANA SPORTSCARDS,"12980 ADAMS RD, A2, GRANGER, IN 46530, USA, MICHIANASPORTSCARDS.COM",USA,,(574) 217-7410
MIDDLE GEORGIA SPORTSCARDS AND COLLECTIBLES,"1107 RUSSELL PARKWAY, WARNER ROBINS, GA 30188, USA",USA,Www.Facebook.com/group/middlegacardclub,(478) 972-2569
MIDWEST COLLECTABLES,"3451 N FAIRMOUNT ST., SUITE A, DAVENPORT, IA 52806, USA",USA,,(563) 823-1975
MIKE'S STADIUM SPORTSCARDS,"4032 S PARKER RD #4131, AURORA, CO 80014, USA",USA,www.mikesstadiumsportscards.com,(303) 699-9808
MILL CREEK SPORTS,"13616 BOTHELL EVERETT HWY, MILL CREEK, WA 98012, USA, millcreeksports.com",USA,,(425) 742-8500
MILLER SPORTS CARDS & COLLECTIBLES,"1245 N MISSION ST, MT PLEASANT, MI 48858, USA, MINT",USA,,(989) 263-6812
MINT MEMORABILIA,"808 S RAND ROAD, LAKE ZURICH, IL 60047, USA, MMBREAKS.COM",USA,,(224) 677-6183
Mintink Sports Cards AJAX,"1965 Salem Road, Unit 3, Ajax, ON Canada",Canada,,
Mintink Trading Cards,8555 Jane St. Unit 5&6 Vaughan ON Canada L4K 5N9,Canada,www.mintink.ca,416-827-9141
MITCH'S SPORTS CARDS & COLLECTIBLES,"11235 N CEDARBURG RD, MEQUON, WISCONSIN 53092, USA",USA,www.mitchsboxbreaks.org,(262) 302-4209
MITCH'S SPORTS CARDS AND COLLECTIBLES,"11235 N. CEDARBURG RD., MEQUON, WI 53092, USA",USA,www.mitchsboxbreaks.org,(262) 302-4209
MLB FLAGSHIP STORE,"1271 6TH AVE, NEW YORK, NY 10020, USA",USA,https://www.mlb.com/shop/nyc-retail-store,(332) 228-1040
MM7 SPORTSCARDS,"2308 N. BROADWAY ST., MOORE, OK 73160, USA",USA,www.mm7sportscards.com,(405) 658-2114
MN SPORTSCARDS,"4101 CEDAR STREET, MONTICELLO, MN 55362, USA",USA,https://www.facebook.com/profile.php?id=1000782201376563,(763) 295-0620
MN SPORTSCARDS,"4101 CEDAR STREET, MONTICELLO, MO 55362, USA",USA,,(762) 295-0620
MOJOBREAK INC.,"2060 DUANE AVE., SANTA CLARA, CA 95054, USA",USA,www.mojobreakshop.com,(408) 320-2269
MOMMA TRIED SPORTS CARDS,"5500 MILAN RD. SUITE 362, SANDUSKY, OH 44870, USA",USA,,(440) 370-3000
MONMOUTH CARDS,"1835 NJ-35, WALL, NJ 07719, USA, MONMOUTHCARDS.COM",USA,,(732) 800-0911
MONMOUTH CARDS,"739 NJ-18, EAST BRUNSWICK, NJ 08816, USA, MONMOUTHCARDS.COM",USA,,(732) 993-7002
MONTASY COMICS NYC,"431 5TH AVENUE, 2ND FLOOR, NEW YORK, NY 10016, USA, montasynyc.com",USA,,(212) 683-2018
MONTEREY BAY COLLECTORS LOUNGE,"469 PACIFIC ST, MONTEREY, CA 93940, USA",USA,,(831) 200-3942
MR. E'S SPORTS CARDS & COLLECTIBLES,"720 SOUTH STATE ST, OREM, UT 84058, USA",USA,,(801) 224-6677
MTECH CAVE,"826 NORTH 2ND STREET, STILWELL, OK 74960, USA",USA,https//www.mtechcave.com,(918) 218-2039
MVP SPORTS & GAMES CO,"50 REDWOOD DR, LANCASTER, PA 17603, USA, mvpsportsandgames.com",USA,,(717) 435-4964
MVP SPORTS CARDS AND COLLECTIBLES,"661 SEBASTIAN BLVD, SUITE H, SEBASTIAN, FL 32958, USA",USA,https://www.mvpsportscard.com/,(772) 918-4989
MVP SPORTSCARDS,"24881 ALICIA PKWY, STE J, LAGUNA HILLS, CA 92653, USA, mvpsportscardssocal.net",USA,,(949) 837-7830
MVP TRADING CARDS COMPANY,"8700 RESEDA BLVD SUITE 219, NORTHRIDGE, CA 91324, USA",USA,www.mvptradingcards.com,(818) 626-8727
MY EXTRA CARDS,"181 W MAIN STREET, HARRISON, MI 48625, USA, myextracards.com",USA,,(989) 429-0273
NASHCARDS,"300 PLEASANT GROVE ROAD, STE 340, MT. JULIET, TN 37122, USA, nashcards.com",USA,,(615) 470-5313
NASHCARDS MEMPHIS,"9020 US 64, STE 105, LAKELAND, TN 38002, USA, nashcards.com",USA,,(901) 425-3447
NASHCARDS PHILADELPHIA,"130 W. MAIN ST STE 116, TRAPPE, PA 19426, USA, nashcards.com",USA,,(484) 973-6587
NATIONAL BASEBALL HALL OF FAME,"25 MAIN ST, COOPERSTOWN, NY 13326, USA, shop.baseballhall.org",USA,,(877) 290-1300
NEIGHBORHOOD CARD SHOP,"312 N HAM LN, LODI, CA 95242, USA",USA,,(209) 263-7175
NEUHART CARDS,"820 SUNBURY RD SUITE 621, 820 SUNBURY ROAD, SUITE 621, DELAWARE, OH 43015, USA",USA,www.neuhartcards.com,(740) 417-4877
NEUHART CARDS,"820 SUNBURY ROAD SUITE 621, DELAWARE, OH 43015, USA, neuhartcards.com",USA,,(740) 417-4877
NEW CONCEPT SPORTS CARD AND HOBBY,"676 STOKES ROAD, MEDFORD, NJ 08055, MEDFORD, NJ 08055, USA",USA,www.newconcepthobbies.com,(609) 953-0404
NEW YORK ROADSHOW SHOP,"65 PONDFIELD ROAD, BRONXVILLE, NY 10708, USA, roadshowcards.com",USA,,(914) 881-1141
NICODEMUS CARDS & GAMES,"118 W MARKET ST, WARSAW, IN 46580, USA",USA,WWW.NICODEMUSENTERPRISES.COM,(574) 549-9945
NORCAL SPORTS CARDS,"1821 DOUGLAS BLVD, #C-4, ROSEVILLE, CA 95661, USA, norcalsportscards.com",USA,,(916) 358-9982
NORTH TOWN CARD VAULT,"2630 MAIN STREET #101, UNION GAP, WA 98903, USA",USA,www.northtowncardvault.com,(509) 452-2126
NORTHRIDGE SPORTS COLLECTIBLES,"9514 RESEDA BLVD UNIT 14, NORTHRIDGE, CA 91324, USA",USA,www.northridgesportscollectibles.com,(818) 886-5812
NORTHWEST SPORTSCARDS,"5510 6TH AVE S. STE A, TACOMA, WA 98406, USA",USA,www.nw-sportscards.com,(253) 564-9204
OHIO CARD EXCHANGE,"101 E. ALEX BELL ROAD, SUITE 160, CENTERVILLE, OH 45459, USA",USA,www.ohiocardexchange.com,(937) 999-4777
OHIO ESTATES COIN LLC,"2311 BROOKPARK ROAD, PARMA, OH 44134, USA, clevelandcoinandjewelry.com",USA,,(216) 749-7900
OMAHA SPORTS CARDS,"4857 S 137TH ST, OMAHA, NE 68137, USA, omahacards.com",USA,,(402) 614-9702
OMG COLLECTIBLES,"77622 COUNTRY CLUB DR STE J, PALM DESERT, CA 92211, USA",USA,WWW.OMGCOLLECTIBLES.COM,(509) 452-2126
OMNI COMICS AND CARDS,"681 SILAS DEANE HWY, WETHERSFIELD, CT 06109, USA, omnicomicscards.com",USA,,(860) 571-0138
ON DECK SPORTSCARDS,"875 OAK RD, STE 106, LAWRENCEVILLE, GA 30044, USA, ondecksportscards.com",USA,,(770) 985-1557
ORIGINAL COOPERSTOWN CONNECTION,"8555 SENECA TURNPIKE, NEW HARTFORD, NY 13413, USA, Cooperstown-Connection.com, Outland",USA,,(315) 724-9262
OVER THE FENCE,"35125 VINE STREET UNIT 1, EASTLAKE, OH 44095, USA",USA,https://linktr.ee/Overthefence216,(440) 953-2700
PAPAJAY CARDS,"10 ENTERPRISE DR SUITE A, ROHNERT PARK, CA 94928, USA",USA,https://www.papajaycards.com/,(707) 548-4730
PARADISE CARD BREAKS,"6551 LAS VEGAS BLVD S SUITE 145C, LAS VEGAS, NV 89119, USA, Paradisecardbreaks.com",USA,,(443) 642-1173
"PAULA'S SPORTS CARDS, ETC.","1231 WILDER AVE. #206, HONOLULU, HAWAII 96822, USA",USA,WWW.paulassportscards.com,(808) 533-4886
PCB HOBBY,"11939 PANAMA CITY BEACH PKWY, PANAMA CITY BEACH, FL 32407, USA",USA,https://pcbhobby.com,(850) 320-8388
PENINSULA SPORTS CARDS,"390 EL CAMINO REAL, SUITE H, BELMONT, CA 94002, USA, peninsulasportscards.com",USA,,(650) 595-5115
PHOENIX SPORTS CARDS,"5870 WEST THUNDERBIRD ROAD SUITE A2, GLENDALE, AZ 85306, USA, Pianeta Hobby, Via Ruggero Leoncavallo 15 - 20131 Milano, pianeta hobby, via ruggero leoncavallo 1, milano, 20131",USA,www.phxsportscards.com | https://www.pianetahobby.it/,(602) 548-1254
PIECE OF THE GAME,"1659 U.S. 9, WAPPINGERS FALLS, NY 12590, USA, Play & Collect",USA,https://shoppieceofthegame.com/,(855) 341-1350
POPS SPORTS CARDS & GAMING,"425 EASTERN AVE, SUITE 1, ESSEX, MD 21221, USA",USA,https://www.facebook.com/popssportscardsgaming/,443-969-2186
PREP 2 PRO SPORTS,"1019 S. 13TH ST, NORFOLK, NE 68701, USA",USA,www.prep2pro.com,(402) 371-3351
PRIMETIME SPORTS COLLECTIBES,"490 PROSPECT BLVD, FREDERICK, MD 21701, USA",USA,,(225) 772-5429
PULLING THE PROS SPORTS CARDS,"445 SW COAST HWY, NEWPORT, OR 97365, USA, Facebook.com/pullingthepros",USA,,(541) 351-8803
PULLWAX,"1950 NE 163RD STREET, NORTH MIAMI BEACH, FL 33162, USA, pullwax.com, PushDich",USA,,(786) 654-2484
R & D COLLECTIBLES LLC,"1507 SW 21ST STE 205, TOPEKA, KS 66604, USA",USA,https://r-and-d-collectibles.square.site/,(785) 233-2510
RANDY'S SPORTCARDS,"585 S WEST END BLVD #6, QUAKERTOWN, PA 18951, USA",USA,,(215) 536-7868
REAL SPORTSCARDS,"12233 CHAMPLIN DRIVE, CHAMPLIN, MN 55316, USA",USA,www.realsportscards.com,(763) 432-5869
"REAL SPORTSCARDS, WISCONSIN","324 E. MAIN ST, WAUPUN, WI 53963, USA",USA,www.realsportscards.com,(920) 345-1245
RED ROSE SPORTS CARDS,"126 S CENTERVILLE DR, LANCASTER, PA 17603, USA, redrosesportscards.com",USA,,(717) 617-2250
Replay Sports Cards,"115 E. PARK AVE SUITE C, CHARLOTTE, NC 28203, USA, onestopclt.com",USA,,(516) 304-6566
Replay Sports Cards,"100 PLAZA REAL S, STE G, BOCA RATON, FL 33432, USA",USA,WWW.ONESTOPCLT.COM,(704) 651-7362
RESTLESSCRAFT BREAKERS SPORTS AND GAMING,"235 JUNGERMANN ROAD, SUITE 108, SAINT PETERS, MO 63376, USA, restlesscraftbreakers.com",USA,,(636) 317-1410
RIGHT OFF THE BAT CARDS & COLLECTIBLES,"43 COURT SQ, WEST PLAINS, MO 65775, USA",USA,,(417) 293-7247
RIP VALLEY,"1014 N 2ND STREET, PHOENIX AZ 85004, PHOENIX, AZ 85004, USA, Ripvalley.com",USA,,(602) 612-3474
RIZO SPORTS & TCG,"400 BROADWAY, SANTA MONICA, CA 90401, USA",USA,WWW.RIZOSPORTSLLC.COM,(310) 713-1144
RJ DUKE SPORTS,"400 N CENTRAL EXPY STE 109, MCKINNEY, TX 75070, USA, RJDukeSports.com",USA,,(469) 885-1130
RK COLLECTIBLES,"2761 OAKDALE BLVD STE #3, CORALVILLE, IA 52241, USA",USA,www.rkcollectiblesiowa.com,(319) 626-2015
RL SPORTS CARDS,"645 S STATE COLLEGE BLVD UNIT #B, FULLERTON, CA 92831, USA, Roadshow Bogota Colombia",USA,www.RLSportsCards.com,(657) 445-2300
ROCHESTER SPORTS CARDS & MEMORABILIA,"407 S MAIN ST, ROCHESTER, MI 48307, USA",USA,http://facebook.com/rochestersportsandgamingcards,(248) 923-2424
ROCK’S DUGOUT,"3232 N. ROCK RD, WICHITA, KS 67226, USA, Rocksdugout.com",USA,,(316) 682-7902
ROSS CARDS & COLLECTIBLES,"267 N EL CAMINO REAL G, ENCINITAS, CA 92024, USA, ROSSCARDSCOLLECTIBLES.COM",USA,,(760) 704-8164
RP SPECIALTY SPORTSCARDS UNLIMITED,"19 WALL STREET, ROCKAWAY, NJ 07866, USA",USA,,(973) 627-0056
S&B SPORTS COLLECTIBLES,"206 MONTGOMERY MALL, NORTH WALES, PA 19454, USA",USA,www.sbsportspromotions.com,(215) 647-2994
S&B SPORTS COLLECTIBLES,"230 MONTGOMERY MALL DROVE NORTH, WALES, PA 19454, USA",USA,www.sbsportspromotions.com,(215) 647-2994
S&B SPORTS COLLECTIBLES,"1665 STATE HILL ROAD, WYOMISSING, PA 19610, USA",USA,www.sbsportspromotions.com,(610) 898-4317
SANTIAGO SPORTS,"419 ROUTE 34, MATAWAN, NJ 07747, USA, Santiagosportsnj.com",USA,,(732) 242-9528
SAPPY'S SPORTS CARDS,"3603 N JOESY LN, CARROLTON, TX 75007, USA, Sccards, Via Petrarca 21, Milano, (Cologno Monzese), 20093",USA,https://www.facebook.com/groups/triplecards/ | https://sccards.it/,(972) 395-9989
SCG HOBBY - ALTOONA,"3200 PLEASANT VALLEY BLVD, ALTOONA, PA 16602, USA, scghobby.com",USA,,(814) 201-2845
SCG HOBBY - INDIANA,"1450 OAKLAND AVE, INDIANA, PA 15701, USA, scghobby.com",USA,,(724) 349-1769
SCORE MORE SPORTS,"4944 MARTIN VIEW LANE, WINSTON SALEM, NC 27104, USA",USA,www.scoremorenow.com,(336) 602-2383
SCOTT'S COLLECTIBLES,"942 CLOVERLEAF PLAZA, KANNAPOLIS, NC 28083, USA",USA,www.facebook.com/scottscollectibles,(704) 784-2277
SD SPORTS CARDS,"12759 POWAY ROAD STE 108, POWAY, CA 92064, USA, SDSPORTCARDS.COM",USA,,(858) 999-2286
SEARCH AND RESCUE CARDS,"3344 PARTNER PL STE 3, LEXINGTON, KY 40503, USA",USA,WWW.SEARCHANDRESCUECARDS.COM,(859) 523-0055
SHELBY COUNTY COLLECTIBLES INC,"987 EAST ASH ST SUITE 116, PIQUA, OH 45356, USA",USA,www.facebook.com/sc.collectibles,(937) 773-0950
SHEP'S CARDS & COLLECTIBLES,"102 GLEN OAK BLVD, HENDERSONVILLE, TN 37075, USA",USA,,
"SHOEBOX-MEMORABILIA, INC.","345 N. MCLEAN BLVD., SOUTH ELGIN, IL 60177, USA",USA,,(847) 468-9500
"SHORTSTOPS SPORTS CARDS & GAMES, LLC","34294 US HWY 19 N, PALM HARBOR, FL 34684, USA",USA,www.shortstopscards.com,(727) 789-2273
SHOWTIME,"3415 S. MCCLINTOCK DR. #111, TEMPE, AZ 85283, USA, Fb.me/showtimetcg",USA,,(480) 820-2226
SHOWTIME SPORTS CARDS & COLLECTIBLES,"9365 PHILIPS HWY #106, JACKSONVILLE, FL 32256, USA",USA,https://www.facebook.com/ShowtimeSportsCardsofJax,(904) 527-8980
SILVER SLUGGER COINS & CARDS,"939 S 25TH EAST STE 105, AMMON, ID 83406, USA, facebook.com/silversluggercoins",USA,,(208) 497-0001
SIMMS SPORTS CARDS,"1316 BALTIMORE PIKE, BEL AIR, MD 21014, USA",USA,www.simmsbreaks.com,(410) 836-7979
SKYBOX COLLECTIBLES,"295 WESTPORT AVENUE, NORWALK, CT 06851, USA",USA,www.skyboxct.com,(203) 857-1778
SMP SPORTSCARDS,"1671 WEST NORTHWEST HIGHWAY, GRAPEVINE, TX 76135, USA, Soccer City Cards",USA,https://www.smpsportcards.com/,(817) 251-1752
"SOUTH BAY BASEBALL CARDS, INC.","1751 PACIFIC COSAT HWY., LOMITA, CA 90717, USA",USA,,(310) 530-5818
SOUTH BAY SPORTS CARDS,"566 SOUTH MURPHY AVE, SUNNYVALE, CA 94086, USA, southbaysportscards.com",USA,,(408) 530-8250
SOUTHERN CARDS,"1859 EUCLID AVENUE, BRISTOL, VA 24201, USA",USA,,(276) 669-4110
SOUTHWEST CARD WORLD,"4438 STATE HIGHWAY 6 SOUTH SUITE 503, COLLEGE STATION, TX 77845, USA, Spilforsyningen",USA,Www.swcardworld.com,(979) 485-9506
SPORT SPOT INC,"1015 E COLISEUM BLVD, SPORT SPOT, FORT WAYNE, IN 46805, USA, Sportspotinc.com",USA,,(260) 482-5877
SPORTS CARD CORNER,"1948 STAE ROUTE 940, FREELAND, PA 18224, USA",USA,,(570) 578-9607
SPORTS CARD JUNCTION LLC,"9011 PERRY HWY, PITTSBURGH, PA 15237, USA, sportscardjunction.com, Sports Cards Direct, Unit 315, Faraday Road, Cattedown, Plymouth, PL4 OST",USA,https://www.sportscardsdirect.co.uk,(412) 364-6448
SPORTS CARDS PLUS,"2251 LOCKHILL-SELMA RD., SAN ANTONIO, TX 78230, USA",USA,www.SportsCardsPlusSA.com,(210) 524-2337
SPORTS COLLECTIBLES,"1278 W. MAIN ST, SYLVA, NC 28779, USA",USA,,(828) 586-8610
SPORTS CONNECTION,"38 W. OAKLAND AVE, DOYLESTOWN, PA 18901, USA",USA,www.sportsconnectionpa.com,(215) 693-2206
SPORTS EMPIRE,"201 E. MAGNOLIA BLVD SUITE 393, BURBANK, CA 91502, USA",USA,,(818) 433-7283
SPORTS EMPIRE,"24201 VALENCIA BLVD SUITE 2014, VALENCIA, CA 91355, USA",USA,,(661) 255-5890
SPORTS KINGS,"10 E MCCLAIN AVE., SCOTTSBURG, IN 47170, USA, Sportskingshobby.com",USA,,(812) 304-4918
SPORTS SOURCE 2,"11841 VENTURA BLVD, STUDIO CITY, CA 91604, USA",USA,https://sports-source-2.square.site/,(818) 980-4155
SPORTS TREASURES,"4819 N. BROADWAY, KNOXVILLE, TN 37918, USA, eddiessportstreasures.com",USA,,(865) 688-2273
SPORTS ZONE TOYS & COMICS,"359 MARKET ST, SUNBURY, PA 17801, USA, sportszonetoyscomics.com",USA,,(570) 898-5205
SPORTSAMERICA SPORTS CARDS,"6 STATE ROAD SUITE 101, MECHANICSBURG, PA 17050, USA",USA,www.sportsamericasportscards.com,(717) 795-4837
SPORTSCARD PLAYGROUND,"299 W. COUNTY LINE RD, HATBORO, PA 19040, USA",USA,www.sportscardplayground.com,(215) 675-6644
SPORTSCARDS - LOUISIANA,"3330 N. MARKET ST. STE. C, SHREVEPORT, LA 71107, USA",USA,https://www.facebook.com/sportscardsla,(318) 671-4991
SPORTSCARDS ETC,"5629B STEUBENVILLE PIKE, MC KEES ROCKS, PA 15136, USA, scepgh.com",USA,,(412) 787-3235
STADIUM CARDS AND COMICS,"2061 GOLFSIDE RD, YPSILANTI, MI 48197, USA, Stadiumcc.com",USA,,(734) 434-0283
STAGG'S INC.,"428 W. HARRISON ST., KENT, WA 98032, USA",USA,,(253) 854-6340
STEEL CITY COLLECTIBLES,"1931 LINCOLN WAY, WHITE OAK, PA 15131, USA",USA,https://www.steelcitycollectibles.com/retail-locations,(412) 872-5504
STEVENS CREEK SPORTS CARDS,"3220 STEVENS CREEK BLVD. #D, SAN JOSE, CA 95117, USA, Stevenscreeksportscards.com",USA,,(408) 243-1120
STODY LLC DBA/ SCG HOBBY - LATROBE,"1025 LATROBE 30 SHOPPES, LATROBE, PA 15650, USA, scghobby.com",USA,,(724) 879-4648
STRIKE ZONE,"6807 S FEDERAL HWY, PORT ST LUCIE, FL 34952, USA",USA,,(772) 464-5137
SUPER SPORTS CARDS AND MORE,"2700 NE ANDRESEN RD STE A3, VANCOUVER, WA 98661, USA, SuperCollectors",USA,https://www.supersportscards.net/,(360) 859-3078
TCI SPORTS FAN,"3962 LINDEN AVE, DAYTON, OH 45432, USA",USA,,(397) 254-8551
TEAMMATES SPORTS CARDS,"4705 MANZANITA AVE, CARMICHAEL, CA 95608, USA",USA,,(916) 488-2303
TEAMMATES SPORTS CARDS AND COLLECTIBLES,"2900 STANDIFORD AVE, SUITE 12A, MODESTO, CA 95350, USA, https:ww.facebook.com/teammatesmodesto",USA,,(209) 238-9660
TEXAS ROADSHOW SHOP,"1836 CANNON DRIVE, SUITE 300, MANSFIELD, TX 76063, USA, roadshowcards.com",USA,,(682) 400-8017
TEXAS SPORTS CARDS AND MEMORABILIA,"308 E FM 1830 #13B, ARGYLE, TX 76226, USA",USA,https://texassportscardsandmemorabilia.com/,(940) 241-3373
THE ADVENTURE STADIUM,"525 WOODLAND SQUARE BLVD SUITE 130, CONROE, TX 77382, USA, The Art of Cardz",USA,www.theadventurebeginstx.com,(936) 273-3230
THE ART OF SPORTS,"5029 WEST 117TH ST, LEAWOOD, KS 66211, USA",USA,,(913) 499-6910
THE AWESOME CARD SHOP,"8125 WEST SAHARA AVE #160, LAS VEGAS, NV 89117, USA",USA,www.theawesomecardshop.com,(702) 478-4050
THE BASEBALL CARD KING #1,"16200 S LINCOLN HWY, PLAINFIELD, IL 60586, USA, SHOPBCK.com",USA,,(815) 609-7777
THE BASEBALL CARD KING #2,"5205 W 95TH ST, OAK LAWN, IL 60453, USA, SHOPBCK.com",USA,,(815) 609-7777
THE BASEBALL CARD KING #3,"1542 OGDEN AVE, DOWNERS GROVE, IL 60516, USA, SHOPBCK.com",USA,,(815) 609-7777
THE BASEBALL CARD SHOP,"1891 E. STATE, HERMITAGE, PA 16148, USA",USA,www.baseballcardshop.net,(724) 981-4443
THE BASEBALL CARD STORE LLC,"9637 W 87TH ST, OVERLAND PARK, KS 66212, USA",USA,https://www.facebook.com/people/The-Baseball-Card-Store/100042986097112/,(913) 962-1924
"THE BASEBALL CARD STORE,INC.","45 PROSPECT STREET, MIDLAND PARK, NJ 07432, USA",USA,www.baseballcardstorenj.com,(201) 445-9007
THE CARD BAR,"6071 N FIGARDEN DR, FRESNO, CA 93722, USA",USA,www.bulldogsportscards.com,(559) 304-7757
THE CARD CAPITAL,"900 HADDON AVE, SUITE 102, COLLINGSWOOD, NJ 08108, USA",USA,www.TheCardCapital.com,(856) 600-2504
THE CARD CELLAR,"915 CAROLINE ST, FREDERICKSBURG, VA 22401, USA, thecardcellar.net, The Card Corner",USA,,(540) 891-9549
THE DUGOUT,"2530 PARKWAY #28, PIGEON FORGE, TENNESSEE 37862, USA",USA,,(865) 429-3373
THE DUGOUT CARDS & GAMES LLC,"2647 NC HWY127 S, HICKORY, NC 28602, USA, Facebook.com/TheHickoryDugout",USA,,(828) 569-2227
THE FANZONE,"1605 1ST ST S, WILLMAR, MN 56201, USA, fanzonemn.com",USA,,(320) 222-9663
THE FANZONE,"314 4TH AVE NE, WAITE PARK, MN 56387, USA, fanzonemn.com",USA,,(320) 251-4143
THE HAWKE'S NEST SPORTS,"926 2ND AVE, WOODRUFF, WI 54568, USA",USA,http://www.hawkesnestsportscards.com,(715) 356-3123
The Hobby Den,"5432 E Indiana St, Evansville, IN USA",USA,,
THE IRON LION,"8003 N ACADEMY BLVD, COLORADO SPRINGS, CO 80920, USA",USA,www.ironlioncollectibles.com,(719) 424-7264
THE MEELYPOPS SHOP,"3700 NW 91ST STREET, STE. E-100, GAINESVILLE, FL 32606, USA",USA,www.meelypops.com,(352) 204-5573
THE MONSTER CARD SHOP,"18540 E SAN TAN BLVD, STE 112, QUEEN CREEK, AZ 85142, USA, themonstercardshop.com",USA,,(480) 404-0139
THE ROOKIE,"9992 SWANSON BLVD., CLIVE, IA 50325, USA",USA,www.therookiesportscards.com,(515) 255-4675
THE SANDLOT SPORTS,"567 ROOSEVELT ROAD, GLEN ELLYN, IL 60137, USA",USA,www.thesandlotsports.com,(630) 359-3289
THE SHOPPE,"3615 GALLEY RD., COLORADO SPRINGS, CO 80909, USA",USA,https://theshoppesportscards.com/,(719) 574-7040
THE SPORTS CARD SHOP AT MOCO,"18853 US HWY 12, NEW BUFFALO, MI 49117, USA, thesportscardshop.com",USA,,(269) 231-0082
THE SPORTS CARD ZONE,"852 SHARP DRIVE UNIT I, SHOREWOOD, IL 60404, USA",USA,WWW.THESPORTZCARDZONE.COM,(815) 280-5841
THE SPORTS CAVE,"2906 MORRISON AVE #3, BISMARCK, ND 58504, USA",USA,https://thesportscavellc.square.site/,(701) 751-0607
THE SPORTS SHAQ,"924 37TH AVE SW, MINOT, ND 58701, USA, thesportsshaq.com",USA,,(701) 838-0938
THE STADIUM,"3980 E WILDER RD, THE STADIUM, BAY CITY, MI 48706, USA, thestadiumbc.com",USA,,(989) 667-0450
THE STADIUM,"925 S. MAIN ST D-5, FRANKEMUTH, MI 48734, USA, thestadiumbc.com",USA,,(989) 667-0450
THE TRADING CARD CLUB,"745 N GILBERT RD SUITE 106, GILBERT, AZ 85234, USA",USA,www.thetradingcardclub.com,(480) 572-1900
THE VALLEY SPORTSCARDS & COLLECTIBLES,"105 S MAIN ST, HERKIMER, NY 13350, USA",USA,https://www.facebook.com/people/The-Valley-Sports-Cards-Collectibles/100057453068756/,(315) 985-9003
THREE J'S SPORTS CARDS,"2424 WEST BALL ROAD, SUITE F, ANAHEIM, CA 92804, USA",USA,https://www.team3j.com/,(714) 758-3803
THREE STARS SPORTSCARDS (BLOOMINGTON),"8806 LYNDALE AVE. S., BLOOMINGTON, MN 55420, USA",USA,www.threestarssportscards.com,(952) 513-7166
THREE STARS SPORTSCARDS (LITTLE CANADA),"2682 RICE ST., LITTLE CANADA, MN 55113, USA",Canada,www.threestarssportscards.com,(651) 633-6041
THROUGH THE DECADES,"1850 S HURSTBOURNE PKWY #108, LOUISVILLE, KY 40220, USA",USA,,(502) 554-7222
TIM'S SPORTS CARDS,"2649 DIESEL CT, NEW FRANKEN, WI 54229, USA",USA,,(920) 660-9510
TJT SPORTS,"919 N 7TH ST, LEBANON, PA 17046, USA, TJTSPORTS.com",USA,,(717) 450-4299
TNC SPORTS/TENNESSEE CARD,"2829 BARTLETT BLVD., BARTLETT, TN 38134, USA",USA,www.Tncsports.com,(901) 372-1408
Top Dog Comics,"4480 Columbia Rd Ste 3, Martinez, GA 30907, USA, TOPDOGCOMICS.COM",USA,,(706) 650-5737
TOP SHELF SPORTS CARDS,"359 S RANDALL RD, ELGIN, IL 60123, USA, topshelfsportscards.com",USA,,(847) 214-1637
TOYWIZ COLLECTIBLES,"347 WEST RT 59, NANUET, NY 10954, USA, Toywiz.com",USA,,(845) 624-2224
TRADER J'S CARDS & COMICS,"7293VILLAGE PARKWAY, DUBLIN, CA 94568, USA",USA,,(925) 828-6804
TRADING CARD MARKET,"14208 MANCHESTER RD, MANCHESTER, MO 63011, USA",USA,WWW.TRADINGCARDMARKET.COM,(314) 706-1404
TRIPLE CARDS AND COLLECTIBLES,"2452 K AVE, PLANO, TX 75074, USA",USA,https://www.facebook.com/groups/triplecards,(972) 509-5263
TRIPLE CROWN SPORTS CARDS,"7519 CAPITAL DRIVE, GERMANTOWN, TN 38138, USA",USA,www.triplecrownsportscards.com,(901) 757-4080
TRIPLE DIAMOND SPORTS CARDS AND COLLECTIBLES,"2147 CLIFF ROAD, EAGAN, MN 55122, USA, tdsbreaks.com",USA,,(651) 340-9872
TRIPLE PLAY SPORTS CARDS & MEMORABILIA,"399 S STATE ST #15, WESTERVILLE, OH 43081, USA, Tripleplaysportscards.net",USA,,(614) 899-7066
TRIPLE PLAY SPORTS CARDS INC.,"3816 S. WESTERN AVE, SIOUX FALLS, SD 57105, USA, tpsc.net",USA,,(605) 332-4815
ULTIMATE AUTHENTICS,"1621 WESTGATE ROAD, EAU CLAIRE, WI 54703, USA",USA,https://wwwfacebook.com/profile.php?id=100083406125548,(715) 938-7503
UNDERDOG COLLECTIBLES,"4452 WESTERN AVE, KNOXVILLE, TN 37921, USA",USA,www.udogcollect.com,(865) 219-3836
UNDERGROUND CASE BREAKS,"206 MAIN ST SUITE 1A, HOBART, IN 46342, USA, Underpaidcollectibles",USA,WWW.UNDERGROUNDCASEBREAKS.COM,(219) 940-9247
UNOPENEDPACKMAN SPORTSCARDS,"12755 S Mur Len Rd STE B7, OLATHE, KS 66062, USA",USA,https://www.facebook.com/Unopenedpackman,(913) 225-0232
UP NORTH COLLECTORS SPORTS CARDS & MORE,"339 RIVER ST, MANISTEE, MI 49660, USA",USA,WWW.UPNORTHCOLLECTORS.COM,(231) 655-9538
VALLEYWIDE SPORTS CARDS,"9015 E VIA LINDA #108, SCOTTSDALE, AZ 85258, USA",USA,www.vwsportscards.com,(480) 935-3734
VSM SPORTS CARD OUTLET,"1615 MANHEIM PIKE, LANCASTER, PA 17601, USA",USA,www.vsmsportscardoutlet.com,(717) 947-0189
WEBSTER SPORTSCARDS,"3215 E TULARE ST, FRESNO, CA 93702, USA",USA,,(559) 498-8494
WETHEHOBBY,"145 COLLEGE AVE, ROCHESTER, NY 14607, USA",USA,www.wethehobby.com,(585) 322-3815
WHATS ON SECOND SPORTSCARDS,"221 SECOND AVENUE, SAN MATEO, CA 94401, USA",USA,,(650) 344-8660
WHEELHOUSE CARDS,"106 E LANCASTER AVE, WAYNE, PA 19087, USA, wheelhousecards.com",USA,,(610) 314-0820
WHEELHOUSE CARDS,"1518 PAOLI PIKE, WEST CHESTER, PA 19380, USA, WHEELHOUSECARDS.COM",USA,,(610) 314-0820
WINCITY SPORTS CARDS,"150 SHOPPERS VILLAGE, WINCHESTER, KY 40391, USA",USA,,(859) 355-5598
WIRTH COLLECTING,"114 N. COLLEGE ST, WAXAHACHIE, TX 75165, USA",USA,,(240) 462-2903
WONDER WATER SPORTS CARDS COMICS & GAMES,"29113 US HIGHWAY 19 N, CLEARWATER, FL 33761, USA, wonderwater.beckett.com",USA,,(727) 799-4855
WORLD CHAMPION SPORTS CARDS,"8170 OKEECHOBEE BLVD - STE 3, WEST PALM BEACH, FL 33411, USA",USA,www.worldchampionsportscards.org,(561) 247-7139
WOW PA SPORTS CARDS,"5821 LINGLESTOWN ROAD SUITE 202, HARRISBURG, PA 17112, USA",USA,,(717) 545-0146
WOW SPORTS CARDS,"81 RT. 10 EAST, RANDOLPH, NJ 07869, USA, wowsportscardsusa.com",USA,,(973) 829-1516
YAREM ENTERPRISES,"321 SOUTH MAIN AVENUE, SCRANTON, PA 18504, USA",USA,,(570) 346-2707
YASTRZEMSKI SPORTS INC.,"75 MAIN STREET, COOPERSTOWN, NY 13326, USA, Yastrzemskisports.com",USA,,(607) 547-7150
ZOOTOWN SPORTS CARDS,"2100 STEPHENS AVE, SUITE 102, MISSOULA, MT 59801, USA, zootownsportscards.com",USA,,(406) 493-6665
